model,chi2,n_points,n_parameters,dof,reduced_chi2,aic,aicc,bic,loo_chi2
M0_null_ratio_1,42.293753,6,0,6,7.048959,42.293753,42.293753,42.293753,42.293753
M1_nuisance_only,3.858885,6,1,5,0.771777,5.858885,6.858885,5.650645,5.173830
M3_toy_sterile_averaged,3.930595,6,1,5,0.786119,5.930595,6.930595,5.722354,3.930595
M5_lsc_trace_only,3.858885,6,1,5,0.771777,5.858885,6.858885,5.650645,5.173830
M6_lsc_trace_plus_best_anisotropy,3.755580,6,2,4,0.938895,7.755580,11.755580,7.339099,21.045517
